ts_wall,bar_ts,stock,action,reason,price,rsi,qty,in_position,entry_price,highest_price,armed,min_profitable_price,trailing_floor,protected_floor,rsi_buy,rsi_exit,trailing_pct,fee_buy_pct,fee_sell_pct,slippage_pct,edge_min_pct,hard_tp_pct,window
2025-08-23T21:42:36.269783+00:00,2025-08-23T21:43:00+00:00,btc_usd,hold,,115064.744,,,0,,,0,,,,30.0,55.0,0.02,0.0005,0.0005,0.0005,0.001,,14
2025-08-23T21:45:36.268909+00:00,2025-08-23T21:44:00+00:00,btc_usd,hold,,115047.029,,,0,,,0,,,,30.0,55.0,0.02,0.0005,0.0005,0.0005,0.001,,14
2025-08-23T21:46:36.271381+00:00,2025-08-23T21:47:00+00:00,btc_usd,hold,,115075.079,,,0,,,0,,,,30.0,55.0,0.02,0.0005,0.0005,0.0005,0.001,,14
2025-08-23T21:47:36.269778+00:00,2025-08-23T21:48:00+00:00,btc_usd,hold,,115075.0975,,,0,,,0,,,,30.0,55.0,0.02,0.0005,0.0005,0.0005,0.001,,14
2025-08-23T21:48:36.272197+00:00,2025-08-23T21:49:00+00:00,btc_usd,hold,,115109.16,,,0,,,0,,,,30.0,55.0,0.02,0.0005,0.0005,0.0005,0.001,,14
2025-08-23T21:49:36.271791+00:00,2025-08-23T21:50:00+00:00,btc_usd,hold,,115098.4245,,,0,,,0,,,,30.0,55.0,0.02,0.0005,0.0005,0.0005,0.001,,14
2025-08-23T21:50:36.270029+00:00,2025-08-23T21:51:00+00:00,btc_usd,hold,,115127.049,,,0,,,0,,,,30.0,55.0,0.02,0.0005,0.0005,0.0005,0.001,,14
2025-08-23T21:51:36.272955+00:00,2025-08-23T21:52:00+00:00,btc_usd,hold,,115135.318,77.68150617767166,,0,,,0,,,,30.0,55.0,0.02,0.0005,0.0005,0.0005,0.001,,14
2025-08-23T21:52:36.269514+00:00,2025-08-23T21:53:00+00:00,btc_usd,hold,,115152.8965,80.56735393851996,,0,,,0,,,,30.0,55.0,0.02,0.0005,0.0005,0.0005,0.001,,14
2025-08-23T21:53:36.268955+00:00,2025-08-23T21:54:00+00:00,btc_usd,hold,,115195.7,85.4879647041356,,0,,,0,,,,30.0,55.0,0.02,0.0005,0.0005,0.0005,0.001,,14
2025-08-23T21:54:36.270625+00:00,2025-08-23T21:55:00+00:00,btc_usd,hold,,115174.16,75.172325219826,,0,,,0,,,,30.0,55.0,0.02,0.0005,0.0005,0.0005,0.001,,14
2025-08-23T21:55:36.264157+00:00,2025-08-23T21:56:00+00:00,btc_usd,hold,,115189.65,77.29419391252391,,0,,,0,,,,30.0,55.0,0.02,0.0005,0.0005,0.0005,0.001,,14
2025-08-23T21:58:36.268137+00:00,2025-08-23T21:57:00+00:00,btc_usd,hold,,115064.205,44.285400257538775,,0,,,0,,,,30.0,55.0,0.02,0.0005,0.0005,0.0005,0.001,,14
2025-08-23T22:00:36.266037+00:00,2025-08-23T22:00:00+00:00,btc_usd,hold,,115015.053,37.5236334804042,,0,,,0,,,,30.0,55.0,0.02,0.0005,0.0005,0.0005,0.001,,14
2025-08-23T22:01:36.268453+00:00,2025-08-23T22:02:00+00:00,btc_usd,hold,,115021.1805,38.77859303229014,,0,,,0,,,,30.0,55.0,0.02,0.0005,0.0005,0.0005,0.001,,14
2025-08-23T22:03:36.280283+00:00,2025-08-23T22:03:00+00:00,btc_usd,hold,,115082.627,49.691776573213,,0,,,0,,,,30.0,55.0,0.02,0.0005,0.0005,0.0005,0.001,,14
2025-08-23T22:04:36.260232+00:00,2025-08-23T22:05:00+00:00,btc_usd,hold,,115138.312,57.14691924869323,,0,,,0,,,,30.0,55.0,0.02,0.0005,0.0005,0.0005,0.001,,14
2025-08-23T22:05:36.267051+00:00,2025-08-23T22:06:00+00:00,btc_usd,hold,,115189.155,62.59697925617068,,0,,,0,,,,30.0,55.0,0.02,0.0005,0.0005,0.0005,0.001,,14
2025-08-23T22:06:36.263212+00:00,2025-08-23T22:07:00+00:00,btc_usd,hold,,115188.69,62.51866597772791,,0,,,0,,,,30.0,55.0,0.02,0.0005,0.0005,0.0005,0.001,,14
2025-08-23T22:07:36.270856+00:00,2025-08-23T22:08:00+00:00,btc_usd,hold,,115208.675,64.57023522931574,,0,,,0,,,,30.0,55.0,0.02,0.0005,0.0005,0.0005,0.001,,14
2025-08-23T22:08:36.259679+00:00,2025-08-23T22:09:00+00:00,btc_usd,hold,,115223.934,66.09613818641051,,0,,,0,,,,30.0,55.0,0.02,0.0005,0.0005,0.0005,0.001,,14
2025-08-23T22:10:36.262471+00:00,2025-08-23T22:10:00+00:00,btc_usd,hold,,115248.7785,68.47669862009425,,0,,,0,,,,30.0,55.0,0.02,0.0005,0.0005,0.0005,0.001,,14
2025-08-23T22:11:36.267937+00:00,2025-08-23T22:12:00+00:00,btc_usd,hold,,115219.499,62.87373999829265,,0,,,0,,,,30.0,55.0,0.02,0.0005,0.0005,0.0005,0.001,,14
2025-08-23T22:14:36.268491+00:00,2025-08-23T22:13:00+00:00,btc_usd,hold,,115213.814,61.81612434439688,,0,,,0,,,,30.0,55.0,0.02,0.0005,0.0005,0.0005,0.001,,14
2025-08-23T22:27:36.253797+00:00,2025-08-23T22:16:00+00:00,btc_usd,hold,,115232.0815,63.91651638955992,,0,,,0,,,,30.0,55.0,0.02,0.0005,0.0005,0.0005,0.001,,14
2025-08-23T22:29:36.267343+00:00,2025-08-23T22:29:00+00:00,btc_usd,hold,,115227.274,62.935356213181784,,0,,,0,,,,30.0,55.0,0.02,0.0005,0.0005,0.0005,0.001,,14
2025-08-23T22:32:36.263189+00:00,2025-08-23T22:31:00+00:00,btc_usd,hold,,115246.125,65.19172020746396,,0,,,0,,,,30.0,55.0,0.02,0.0005,0.0005,0.0005,0.001,,14
2025-08-23T22:33:36.258811+00:00,2025-08-23T22:34:00+00:00,btc_usd,hold,,115264.96,67.33161725668651,,0,,,0,,,,30.0,55.0,0.02,0.0005,0.0005,0.0005,0.001,,14
2025-08-23T22:34:36.258022+00:00,2025-08-23T22:35:00+00:00,btc_usd,hold,,115252.405,64.4857800555375,,0,,,0,,,,30.0,55.0,0.02,0.0005,0.0005,0.0005,0.001,,14
2025-08-23T22:36:36.262781+00:00,2025-08-23T22:36:00+00:00,btc_usd,hold,,115254.379,64.73813475817374,,0,,,0,,,,30.0,55.0,0.02,0.0005,0.0005,0.0005,0.001,,14
2025-08-23T22:38:36.258053+00:00,2025-08-23T22:38:00+00:00,btc_usd,hold,,115249.8455,63.6200511227124,,0,,,0,,,,30.0,55.0,0.02,0.0005,0.0005,0.0005,0.001,,14
2025-08-23T22:39:36.260500+00:00,2025-08-23T22:40:00+00:00,btc_usd,hold,,115247.495,63.01240395760342,,0,,,0,,,,30.0,55.0,0.02,0.0005,0.0005,0.0005,0.001,,14
2025-08-23T22:40:36.262831+00:00,2025-08-23T22:41:00+00:00,btc_usd,hold,,115214.992,55.165902408145946,,0,,,0,,,,30.0,55.0,0.02,0.0005,0.0005,0.0005,0.001,,14
2025-08-23T22:41:36.259106+00:00,2025-08-23T22:42:00+00:00,btc_usd,hold,,115232.79,58.232921982983854,,0,,,0,,,,30.0,55.0,0.02,0.0005,0.0005,0.0005,0.001,,14
2025-08-23T22:42:36.263601+00:00,2025-08-23T22:43:00+00:00,btc_usd,hold,,115218.5655,54.99489134370954,,0,,,0,,,,30.0,55.0,0.02,0.0005,0.0005,0.0005,0.001,,14
2025-08-23T22:43:36.263055+00:00,2025-08-23T22:44:00+00:00,btc_usd,hold,,115229.9305,57.04980972695259,,0,,,0,,,,30.0,55.0,0.02,0.0005,0.0005,0.0005,0.001,,14
2025-08-23T22:45:36.260967+00:00,2025-08-23T22:45:00+00:00,btc_usd,hold,,115197.22,49.97680886938942,,0,,,0,,,,30.0,55.0,0.02,0.0005,0.0005,0.0005,0.001,,14
2025-08-23T22:46:36.262680+00:00,2025-08-23T22:47:00+00:00,btc_usd,hold,,115239.442,57.33047084956651,,0,,,0,,,,30.0,55.0,0.02,0.0005,0.0005,0.0005,0.001,,14
2025-08-23T22:47:36.263989+00:00,2025-08-23T22:48:00+00:00,btc_usd,hold,,115254.657,59.63335837652902,,0,,,0,,,,30.0,55.0,0.02,0.0005,0.0005,0.0005,0.001,,14
2025-08-23T22:48:36.262283+00:00,2025-08-23T22:49:00+00:00,btc_usd,hold,,115244.532,57.41275486668525,,0,,,0,,,,30.0,55.0,0.02,0.0005,0.0005,0.0005,0.001,,14
2025-08-23T22:49:36.262296+00:00,2025-08-23T22:50:00+00:00,btc_usd,hold,,115249.35,58.21021384076176,,0,,,0,,,,30.0,55.0,0.02,0.0005,0.0005,0.0005,0.001,,14
2025-08-23T22:50:36.260674+00:00,2025-08-23T22:51:00+00:00,btc_usd,hold,,115243.8745,56.9060595130198,,0,,,0,,,,30.0,55.0,0.02,0.0005,0.0005,0.0005,0.001,,14
2025-08-23T22:51:36.262045+00:00,2025-08-23T22:52:00+00:00,btc_usd,hold,,115260.665,59.874795519911636,,0,,,0,,,,30.0,55.0,0.02,0.0005,0.0005,0.0005,0.001,,14
2025-08-23T22:52:36.264174+00:00,2025-08-23T22:53:00+00:00,btc_usd,hold,,115263.345,60.344382383075875,,0,,,0,,,,30.0,55.0,0.02,0.0005,0.0005,0.0005,0.001,,14
2025-08-23T22:53:36.263360+00:00,2025-08-23T22:54:00+00:00,btc_usd,hold,,115258.01,58.867457948476726,,0,,,0,,,,30.0,55.0,0.02,0.0005,0.0005,0.0005,0.001,,14
2025-08-23T22:54:36.263670+00:00,2025-08-23T22:55:00+00:00,btc_usd,hold,,115258.215,58.90907501524372,,0,,,0,,,,30.0,55.0,0.02,0.0005,0.0005,0.0005,0.001,,14
2025-08-23T22:55:36.262350+00:00,2025-08-23T22:56:00+00:00,btc_usd,hold,,115267.807,60.9023908204602,,0,,,0,,,,30.0,55.0,0.02,0.0005,0.0005,0.0005,0.001,,14
2025-08-23T22:56:36.261565+00:00,2025-08-23T22:57:00+00:00,btc_usd,hold,,115280.6345,63.455502013766804,,0,,,0,,,,30.0,55.0,0.02,0.0005,0.0005,0.0005,0.001,,14
2025-08-23T23:00:36.260166+00:00,2025-08-23T22:58:00+00:00,btc_usd,hold,,115265.9585,58.73018187182622,,0,,,0,,,,30.0,55.0,0.02,0.0005,0.0005,0.0005,0.001,,14
2025-08-23T23:13:36.260120+00:00,2025-08-23T23:02:00+00:00,btc_usd,hold,,115269.565,59.52777598553896,,0,,,0,,,,30.0,55.0,0.02,0.0005,0.0005,0.0005,0.001,,14
2025-08-23T23:14:36.260763+00:00,2025-08-23T23:15:00+00:00,btc_usd,hold,,115255.974,55.198393252230076,,0,,,0,,,,30.0,55.0,0.02,0.0005,0.0005,0.0005,0.001,,14
2025-08-23T23:20:36.282703+00:00,2025-08-23T23:16:00+00:00,btc_usd,hold,,115222.273,46.2214938273139,,0,,,0,,,,30.0,55.0,0.02,0.0005,0.0005,0.0005,0.001,,14
2025-08-23T23:22:36.258844+00:00,2025-08-23T23:22:00+00:00,btc_usd,hold,,115266.7955,56.32655245543746,,0,,,0,,,,30.0,55.0,0.02,0.0005,0.0005,0.0005,0.001,,14
2025-08-23T23:25:36.267671+00:00,2025-08-23T23:24:00+00:00,btc_usd,hold,,115271.765,57.291192712032355,,0,,,0,,,,30.0,55.0,0.02,0.0005,0.0005,0.0005,0.001,,14
2025-08-23T23:28:36.258376+00:00,2025-08-23T23:27:00+00:00,btc_usd,hold,,115252.975,52.56368267792313,,0,,,0,,,,30.0,55.0,0.02,0.0005,0.0005,0.0005,0.001,,14
2025-08-23T23:29:36.258776+00:00,2025-08-23T23:30:00+00:00,btc_usd,hold,,115225.522,46.523320088636126,,0,,,0,,,,30.0,55.0,0.02,0.0005,0.0005,0.0005,0.001,,14
2025-08-23T23:30:36.261471+00:00,2025-08-23T23:31:00+00:00,btc_usd,hold,,115237.89,49.347377427819794,,0,,,0,,,,30.0,55.0,0.02,0.0005,0.0005,0.0005,0.001,,14
2025-08-23T23:33:36.258208+00:00,2025-08-23T23:32:00+00:00,btc_usd,hold,,115230.2,47.66201608057581,,0,,,0,,,,30.0,55.0,0.02,0.0005,0.0005,0.0005,0.001,,14
2025-08-23T23:44:36.255960+00:00,2025-08-23T23:35:00+00:00,btc_usd,hold,,115206.865,42.87664226431941,,0,,,0,,,,30.0,55.0,0.02,0.0005,0.0005,0.0005,0.001,,14
2025-08-23T23:48:36.252823+00:00,2025-08-23T23:46:00+00:00,btc_usd,hold,,115267.0555,55.33398687203242,,0,,,0,,,,30.0,55.0,0.02,0.0005,0.0005,0.0005,0.001,,14
2025-08-23T23:49:36.256523+00:00,2025-08-23T23:50:00+00:00,btc_usd,hold,,115301.024,60.56118232862531,,0,,,0,,,,30.0,55.0,0.02,0.0005,0.0005,0.0005,0.001,,14
2025-08-23T23:50:36.256408+00:00,2025-08-23T23:51:00+00:00,btc_usd,hold,,115279.615,56.1046686080726,,0,,,0,,,,30.0,55.0,0.02,0.0005,0.0005,0.0005,0.001,,14
2025-08-23T23:57:36.247479+00:00,2025-08-23T23:52:00+00:00,btc_usd,hold,,115325.765,62.509178062934026,,0,,,0,,,,30.0,55.0,0.02,0.0005,0.0005,0.0005,0.001,,14
2025-08-23T23:59:36.247471+00:00,2025-08-23T23:59:00+00:00,btc_usd,hold,,115399.922,70.0668090832142,,0,,,0,,,,30.0,55.0,0.02,0.0005,0.0005,0.0005,0.001,,14
2025-08-24T00:02:36.257334+00:00,2025-08-24T00:01:00+00:00,btc_usd,hold,,115394.06,68.88468853277016,,0,,,0,,,,30.0,55.0,0.02,0.0005,0.0005,0.0005,0.001,,14
2025-08-24T00:06:36.255425+00:00,2025-08-24T00:04:00+00:00,btc_usd,hold,,115339.175,58.87002848819882,,0,,,0,,,,30.0,55.0,0.02,0.0005,0.0005,0.0005,0.001,,14
2025-08-24T00:07:36.256074+00:00,2025-08-24T00:08:00+00:00,btc_usd,hold,,115269.108,49.06347587756998,,0,,,0,,,,30.0,55.0,0.02,0.0005,0.0005,0.0005,0.001,,14
2025-08-24T00:13:36.254399+00:00,2025-08-24T00:09:00+00:00,btc_usd,hold,,115285.45,51.109103068552436,,0,,,0,,,,30.0,55.0,0.02,0.0005,0.0005,0.0005,0.001,,14
2025-08-24T00:14:36.255217+00:00,2025-08-24T00:15:00+00:00,btc_usd,hold,,115338.985,57.17642925196167,,0,,,0,,,,30.0,55.0,0.02,0.0005,0.0005,0.0005,0.001,,14
2025-08-24T00:28:36.244262+00:00,2025-08-24T00:16:00+00:00,btc_usd,hold,,115377.0546555,60.89305672935791,,0,,,0,,,,30.0,55.0,0.02,0.0005,0.0005,0.0005,0.001,,14
2025-08-24T00:29:36.248372+00:00,2025-08-24T00:30:00+00:00,btc_usd,hold,,115389.5376555,62.05593620404945,,0,,,0,,,,30.0,55.0,0.02,0.0005,0.0005,0.0005,0.001,,14
2025-08-24T00:33:36.251100+00:00,2025-08-24T00:31:00+00:00,btc_usd,hold,,115383.5945,61.12402277722167,,0,,,0,,,,30.0,55.0,0.02,0.0005,0.0005,0.0005,0.001,,14
2025-08-24T00:35:36.242655+00:00,2025-08-24T00:35:00+00:00,btc_usd,hold,,115404.756,63.240786971646834,,0,,,0,,,,30.0,55.0,0.02,0.0005,0.0005,0.0005,0.001,,14
2025-08-24T00:36:36.252760+00:00,2025-08-24T00:37:00+00:00,btc_usd,hold,,115404.785,63.243740619407426,,0,,,0,,,,30.0,55.0,0.02,0.0005,0.0005,0.0005,0.001,,14
2025-08-24T00:37:36.251845+00:00,2025-08-24T00:38:00+00:00,btc_usd,hold,,115416.28,64.46265482489684,,0,,,0,,,,30.0,55.0,0.02,0.0005,0.0005,0.0005,0.001,,14
2025-08-24T00:39:36.252265+00:00,2025-08-24T00:39:00+00:00,btc_usd,hold,,115392.573,60.04045737061556,,0,,,0,,,,30.0,55.0,0.02,0.0005,0.0005,0.0005,0.001,,14
2025-08-24T00:40:36.253566+00:00,2025-08-24T00:41:00+00:00,btc_usd,hold,,115442.674,65.43678762588317,,0,,,0,,,,30.0,55.0,0.02,0.0005,0.0005,0.0005,0.001,,14
2025-08-24T00:42:36.251550+00:00,2025-08-24T00:42:00+00:00,btc_usd,hold,,115523.5685,72.00951623573974,,0,,,0,,,,30.0,55.0,0.02,0.0005,0.0005,0.0005,0.001,,14
2025-08-24T00:44:36.251152+00:00,2025-08-24T00:44:00+00:00,btc_usd,hold,,115439.8325,59.4144230661789,,0,,,0,,,,30.0,55.0,0.02,0.0005,0.0005,0.0005,0.001,,14
2025-08-24T00:47:36.252735+00:00,2025-08-24T00:46:00+00:00,btc_usd,hold,,115424.325,57.41167656039865,,0,,,0,,,,30.0,55.0,0.02,0.0005,0.0005,0.0005,0.001,,14
2025-08-24T00:48:36.252538+00:00,2025-08-24T00:49:00+00:00,btc_usd,hold,,115369.1046555,50.83992677041504,,0,,,0,,,,30.0,55.0,0.02,0.0005,0.0005,0.0005,0.001,,14
2025-08-24T00:50:36.251214+00:00,2025-08-24T00:50:00+00:00,btc_usd,hold,,115383.9696555,52.41886828313513,,0,,,0,,,,30.0,55.0,0.02,0.0005,0.0005,0.0005,0.001,,14
2025-08-24T00:51:36.252004+00:00,2025-08-24T00:52:00+00:00,btc_usd,hold,,115369.9546555,50.76341391075225,,0,,,0,,,,30.0,55.0,0.02,0.0005,0.0005,0.0005,0.001,,14
2025-08-24T00:52:36.252824+00:00,2025-08-24T00:53:00+00:00,btc_usd,hold,,115359.5546555,49.51378624124651,,0,,,0,,,,30.0,55.0,0.02,0.0005,0.0005,0.0005,0.001,,14
2025-08-24T00:56:36.251188+00:00,2025-08-24T00:54:00+00:00,btc_usd,hold,,115408.6795,55.13223909835437,,0,,,0,,,,30.0,55.0,0.02,0.0005,0.0005,0.0005,0.001,,14
2025-08-24T00:57:36.250059+00:00,2025-08-24T00:58:00+00:00,btc_usd,hold,,115354.1396555,48.65790988297704,,0,,,0,,,,30.0,55.0,0.02,0.0005,0.0005,0.0005,0.001,,14
2025-08-24T00:58:36.238307+00:00,2025-08-24T00:59:00+00:00,btc_usd,hold,,115370.0061555,50.479805188718686,,0,,,0,,,,30.0,55.0,0.02,0.0005,0.0005,0.0005,0.001,,14
2025-08-24T00:59:36.248412+00:00,2025-08-24T01:00:00+00:00,btc_usd,hold,,115374.7796555,51.042675089779245,,0,,,0,,,,30.0,55.0,0.02,0.0005,0.0005,0.0005,0.001,,14
2025-08-24T01:01:36.246518+00:00,2025-08-24T01:01:00+00:00,btc_usd,hold,,115341.2311555,46.99935226521857,,0,,,0,,,,30.0,55.0,0.02,0.0005,0.0005,0.0005,0.001,,14
2025-08-24T01:02:36.252757+00:00,2025-08-24T01:03:00+00:00,btc_usd,hold,,115292.975,41.8625277001172,,0,,,0,,,,30.0,55.0,0.02,0.0005,0.0005,0.0005,0.001,,14
2025-08-24T01:03:36.249786+00:00,2025-08-24T01:04:00+00:00,btc_usd,hold,,115280.779,40.65319195025176,,0,,,0,,,,30.0,55.0,0.02,0.0005,0.0005,0.0005,0.001,,14
2025-08-24T01:05:36.250256+00:00,2025-08-24T01:05:00+00:00,btc_usd,hold,,115361.397,50.775934875119106,,0,,,0,,,,30.0,55.0,0.02,0.0005,0.0005,0.0005,0.001,,14
2025-08-24T01:06:36.249307+00:00,2025-08-24T01:07:00+00:00,btc_usd,hold,,115381.788,52.96141220157189,,0,,,0,,,,30.0,55.0,0.02,0.0005,0.0005,0.0005,0.001,,14
2025-08-24T01:09:36.248777+00:00,2025-08-24T01:08:00+00:00,btc_usd,hold,,115377.849,52.476718210800996,,0,,,0,,,,30.0,55.0,0.02,0.0005,0.0005,0.0005,0.001,,14
2025-08-24T01:10:36.243063+00:00,2025-08-24T01:11:00+00:00,btc_usd,hold,,115298.973,43.82714232119591,,0,,,0,,,,30.0,55.0,0.02,0.0005,0.0005,0.0005,0.001,,14
2025-08-24T01:12:36.247649+00:00,2025-08-24T01:12:00+00:00,btc_usd,hold,,115246.425,39.19239610882174,,0,,,0,,,,30.0,55.0,0.02,0.0005,0.0005,0.0005,0.001,,14
2025-08-24T01:14:36.247420+00:00,2025-08-24T01:14:00+00:00,btc_usd,hold,,115288.9515,44.32384678267556,,0,,,0,,,,30.0,55.0,0.02,0.0005,0.0005,0.0005,0.001,,14
2025-08-24T01:18:36.247774+00:00,2025-08-24T01:16:00+00:00,btc_usd,hold,,115382.6005,53.60820042054077,,0,,,0,,,,30.0,55.0,0.02,0.0005,0.0005,0.0005,0.001,,14
2025-08-24T01:22:36.249006+00:00,2025-08-24T01:20:00+00:00,btc_usd,hold,,115238.4145,41.99640865743118,,0,,,0,,,,30.0,55.0,0.02,0.0005,0.0005,0.0005,0.001,,14
2025-08-24T01:24:36.257572+00:00,2025-08-24T01:24:00+00:00,btc_usd,hold,,115262.0985,44.13688200463879,,0,,,0,,,,30.0,55.0,0.02,0.0005,0.0005,0.0005,0.001,,14
2025-08-24T01:27:36.246624+00:00,2025-08-24T01:26:00+00:00,btc_usd,hold,,115129.4,36.09893748362332,,0,,,0,,,,30.0,55.0,0.02,0.0005,0.0005,0.0005,0.001,,14
2025-08-24T01:29:36.246432+00:00,2025-08-24T01:29:00+00:00,btc_usd,hold,,115194.3575,41.69634712521487,,0,,,0,,,,30.0,55.0,0.02,0.0005,0.0005,0.0005,0.001,,14
2025-08-24T01:30:36.245820+00:00,2025-08-24T01:31:00+00:00,btc_usd,hold,,115267.8215,47.31691460589526,,0,,,0,,,,30.0,55.0,0.02,0.0005,0.0005,0.0005,0.001,,14
2025-08-24T01:34:36.247717+00:00,2025-08-24T01:32:00+00:00,btc_usd,hold,,115231.05,44.97957812757426,,0,,,0,,,,30.0,55.0,0.02,0.0005,0.0005,0.0005,0.001,,14
2025-08-24T01:35:36.247017+00:00,2025-08-24T01:36:00+00:00,btc_usd,hold,,115273.4215,48.15746356449585,,0,,,0,,,,30.0,55.0,0.02,0.0005,0.0005,0.0005,0.001,,14
2025-08-24T01:37:36.245918+00:00,2025-08-24T01:37:00+00:00,btc_usd,hold,,115315.6745,51.18530609755402,,0,,,0,,,,30.0,55.0,0.02,0.0005,0.0005,0.0005,0.001,,14
2025-08-24T01:40:36.244678+00:00,2025-08-24T01:39:00+00:00,btc_usd,hold,,115341.402,52.98583657482062,,0,,,0,,,,30.0,55.0,0.02,0.0005,0.0005,0.0005,0.001,,14
2025-08-24T01:41:36.245018+00:00,2025-08-24T01:42:00+00:00,btc_usd,hold,,115409.4,57.45272302551722,,0,,,0,,,,30.0,55.0,0.02,0.0005,0.0005,0.0005,0.001,,14
2025-08-24T01:52:36.245143+00:00,2025-08-24T01:43:00+00:00,btc_usd,hold,,115413.025,57.68354758048657,,0,,,0,,,,30.0,55.0,0.02,0.0005,0.0005,0.0005,0.001,,14
2025-08-24T01:54:36.244867+00:00,2025-08-24T01:54:00+00:00,btc_usd,hold,,115463.8235,60.88591373153893,,0,,,0,,,,30.0,55.0,0.02,0.0005,0.0005,0.0005,0.001,,14
2025-08-24T01:55:36.235981+00:00,2025-08-24T01:56:00+00:00,btc_usd,hold,,115503.015,63.1997778731934,,0,,,0,,,,30.0,55.0,0.02,0.0005,0.0005,0.0005,0.001,,14
2025-08-24T01:56:36.247812+00:00,2025-08-24T01:57:00+00:00,btc_usd,hold,,115463.495,59.38481919266478,,0,,,0,,,,30.0,55.0,0.02,0.0005,0.0005,0.0005,0.001,,14
2025-08-24T01:57:36.244771+00:00,2025-08-24T01:58:00+00:00,btc_usd,hold,,115522.4455,62.975062348330496,,0,,,0,,,,30.0,55.0,0.02,0.0005,0.0005,0.0005,0.001,,14
2025-08-24T01:59:36.243578+00:00,2025-08-24T01:59:00+00:00,btc_usd,hold,,115413.16,53.528380114699004,,0,,,0,,,,30.0,55.0,0.02,0.0005,0.0005,0.0005,0.001,,14
2025-08-24T02:01:36.243380+00:00,2025-08-24T02:01:00+00:00,btc_usd,hold,,115443.945,55.551087848059225,,0,,,0,,,,30.0,55.0,0.02,0.0005,0.0005,0.0005,0.001,,14
2025-08-24T02:02:36.242196+00:00,2025-08-24T02:03:00+00:00,btc_usd,hold,,115398.8,51.978181846050795,,0,,,0,,,,30.0,55.0,0.02,0.0005,0.0005,0.0005,0.001,,14
2025-08-24T02:03:36.245033+00:00,2025-08-24T02:04:00+00:00,btc_usd,hold,,115473.45,56.913091386872246,,0,,,0,,,,30.0,55.0,0.02,0.0005,0.0005,0.0005,0.001,,14
2025-08-24T02:04:36.240280+00:00,2025-08-24T02:05:00+00:00,btc_usd,hold,,115500.72,58.58731697397553,,0,,,0,,,,30.0,55.0,0.02,0.0005,0.0005,0.0005,0.001,,14
2025-08-24T02:05:36.243582+00:00,2025-08-24T02:06:00+00:00,btc_usd,hold,,115536.615,60.74928711411404,,0,,,0,,,,30.0,55.0,0.02,0.0005,0.0005,0.0005,0.001,,14
2025-08-24T02:06:36.242582+00:00,2025-08-24T02:07:00+00:00,btc_usd,hold,,115572.4425,62.83483251157237,,0,,,0,,,,30.0,55.0,0.02,0.0005,0.0005,0.0005,0.001,,14
2025-08-24T02:07:36.242079+00:00,2025-08-24T02:08:00+00:00,btc_usd,hold,,115544.034,60.10762521292602,,0,,,0,,,,30.0,55.0,0.02,0.0005,0.0005,0.0005,0.001,,14
2025-08-24T02:08:36.242198+00:00,2025-08-24T02:09:00+00:00,btc_usd,hold,,115545.025,60.1725648806683,,0,,,0,,,,30.0,55.0,0.02,0.0005,0.0005,0.0005,0.001,,14
2025-08-24T02:09:36.242085+00:00,2025-08-24T02:10:00+00:00,btc_usd,hold,,115603.9,63.92934791761408,,0,,,0,,,,30.0,55.0,0.02,0.0005,0.0005,0.0005,0.001,,14
2025-08-24T02:11:36.243145+00:00,2025-08-24T02:11:00+00:00,btc_usd,hold,,115525.7305,56.33172209864907,,0,,,0,,,,30.0,55.0,0.02,0.0005,0.0005,0.0005,0.001,,14
2025-08-24T02:12:36.243952+00:00,2025-08-24T02:13:00+00:00,btc_usd,hold,,115537.875,57.18309512170782,,0,,,0,,,,30.0,55.0,0.02,0.0005,0.0005,0.0005,0.001,,14
2025-08-24T02:13:36.241800+00:00,2025-08-24T02:14:00+00:00,btc_usd,hold,,115524.227,55.86493794636517,,0,,,0,,,,30.0,55.0,0.02,0.0005,0.0005,0.0005,0.001,,14
2025-08-24T02:16:36.242546+00:00,2025-08-24T02:15:00+00:00,btc_usd,hold,,115541.9395,57.242488339929565,,0,,,0,,,,30.0,55.0,0.02,0.0005,0.0005,0.0005,0.001,,14
2025-08-24T02:17:36.236619+00:00,2025-08-24T02:18:00+00:00,btc_usd,hold,,115495.95,52.6476887662786,,0,,,0,,,,30.0,55.0,0.02,0.0005,0.0005,0.0005,0.001,,14
2025-08-24T02:19:36.230185+00:00,2025-08-24T02:19:00+00:00,btc_usd,hold,,115513.7805,54.183231953107445,,0,,,0,,,,30.0,55.0,0.02,0.0005,0.0005,0.0005,0.001,,14
2025-08-24T02:20:36.228643+00:00,2025-08-24T02:21:00+00:00,btc_usd,hold,,115516.99,54.46944035852659,,0,,,0,,,,30.0,55.0,0.02,0.0005,0.0005,0.0005,0.001,,14
2025-08-24T02:21:36.241262+00:00,2025-08-24T02:22:00+00:00,btc_usd,hold,,115434.2045,46.415276592757344,,0,,,0,,,,30.0,55.0,0.02,0.0005,0.0005,0.0005,0.001,,14
2025-08-24T02:22:36.241627+00:00,2025-08-24T02:23:00+00:00,btc_usd,hold,,115453.51,48.333878470465066,,0,,,0,,,,30.0,55.0,0.02,0.0005,0.0005,0.0005,0.001,,14
2025-08-24T02:24:36.242425+00:00,2025-08-24T02:24:00+00:00,btc_usd,hold,,115458.66,48.859915325922586,,0,,,0,,,,30.0,55.0,0.02,0.0005,0.0005,0.0005,0.001,,14
2025-08-24T02:25:36.242072+00:00,2025-08-24T02:26:00+00:00,btc_usd,hold,,115503.8675,53.34995637382078,,0,,,0,,,,30.0,55.0,0.02,0.0005,0.0005,0.0005,0.001,,14
2025-08-24T02:26:36.241632+00:00,2025-08-24T02:27:00+00:00,btc_usd,hold,,115530.3469405,55.79797133259704,,0,,,0,,,,30.0,55.0,0.02,0.0005,0.0005,0.0005,0.001,,14
2025-08-24T02:27:36.241146+00:00,2025-08-24T02:28:00+00:00,btc_usd,hold,,115532.9948845,56.046365549366314,,0,,,0,,,,30.0,55.0,0.02,0.0005,0.0005,0.0005,0.001,,14
2025-08-24T02:28:36.227324+00:00,2025-08-24T02:29:00+00:00,btc_usd,hold,,115532.8048845,56.02203859867711,,0,,,0,,,,30.0,55.0,0.02,0.0005,0.0005,0.0005,0.001,,14
2025-08-24T02:29:36.239032+00:00,2025-08-24T02:30:00+00:00,btc_usd,hold,,115530.0448845,55.64420521478255,,0,,,0,,,,30.0,55.0,0.02,0.0005,0.0005,0.0005,0.001,,14
2025-08-24T02:31:36.241299+00:00,2025-08-24T02:31:00+00:00,btc_usd,hold,,115512.3948845,53.17439116675173,,0,,,0,,,,30.0,55.0,0.02,0.0005,0.0005,0.0005,0.001,,14
2025-08-24T02:32:36.239209+00:00,2025-08-24T02:33:00+00:00,btc_usd,hold,,115502.0548845,51.72590963569966,,0,,,0,,,,30.0,55.0,0.02,0.0005,0.0005,0.0005,0.001,,14
2025-08-24T02:33:36.239820+00:00,2025-08-24T02:34:00+00:00,btc_usd,hold,,115346.411,35.881470389477116,,0,,,0,,,,30.0,55.0,0.02,0.0005,0.0005,0.0005,0.001,,14
2025-08-24T02:35:36.240222+00:00,2025-08-24T02:35:00+00:00,btc_usd,hold,,115292.155,32.18091033392453,,0,,,0,,,,30.0,55.0,0.02,0.0005,0.0005,0.0005,0.001,,14
2025-08-24T02:37:36.235966+00:00,2025-08-24T02:37:00+00:00,btc_usd,hold,,115264.78,30.473229343596785,,0,,,0,,,,30.0,55.0,0.02,0.0005,0.0005,0.0005,0.001,,14
2025-08-24T02:38:36.350983+00:00,2025-08-24T02:39:00+00:00,btc_usd,buy,,115256.1455,29.933673762540806,0.0017352653876491124,1,115256.1455,115256.1455,0,115601.91393649999,,,30.0,55.0,0.02,0.0005,0.0005,0.0005,0.001,,14
2025-08-24T02:39:36.237147+00:00,2025-08-24T02:40:00+00:00,btc_usd,hold,,115263.4,31.038463453394144,,1,115256.1455,115263.4,0,115601.91393649999,,,30.0,55.0,0.02,0.0005,0.0005,0.0005,0.001,,14
2025-08-24T02:41:36.239952+00:00,2025-08-24T02:41:00+00:00,btc_usd,hold,,115173.95,25.66484880147091,,1,115256.1455,115263.4,0,115601.91393649999,,,30.0,55.0,0.02,0.0005,0.0005,0.0005,0.001,,14
2025-08-24T02:42:36.239278+00:00,2025-08-24T02:43:00+00:00,btc_usd,hold,,115239.2395,34.569090574406644,,1,115256.1455,115263.4,0,115601.91393649999,,,30.0,55.0,0.02,0.0005,0.0005,0.0005,0.001,,14
2025-08-24T02:43:36.239912+00:00,2025-08-24T02:44:00+00:00,btc_usd,hold,,115214.5245,32.95960648465599,,1,115256.1455,115263.4,0,115601.91393649999,,,30.0,55.0,0.02,0.0005,0.0005,0.0005,0.001,,14
2025-08-24T02:44:36.240556+00:00,2025-08-24T02:45:00+00:00,btc_usd,hold,,115187.005,31.21679028631766,,1,115256.1455,115263.4,0,115601.91393649999,,,30.0,55.0,0.02,0.0005,0.0005,0.0005,0.001,,14
2025-08-24T02:45:36.240641+00:00,2025-08-24T02:46:00+00:00,btc_usd,hold,,115116.318,27.233381839364426,,1,115256.1455,115263.4,0,115601.91393649999,,,30.0,55.0,0.02,0.0005,0.0005,0.0005,0.001,,14
2025-08-24T02:46:36.238200+00:00,2025-08-24T02:47:00+00:00,btc_usd,hold,,115125.586,28.521259595044555,,1,115256.1455,115263.4,0,115601.91393649999,,,30.0,55.0,0.02,0.0005,0.0005,0.0005,0.001,,14
2025-08-24T02:47:36.228703+00:00,2025-08-24T02:48:00+00:00,btc_usd,hold,,115111.545,27.720790160009415,,1,115256.1455,115263.4,0,115601.91393649999,,,30.0,55.0,0.02,0.0005,0.0005,0.0005,0.001,,14
2025-08-24T02:48:36.238093+00:00,2025-08-24T02:49:00+00:00,btc_usd,hold,,115146.765,32.81442803812692,,1,115256.1455,115263.4,0,115601.91393649999,,,30.0,55.0,0.02,0.0005,0.0005,0.0005,0.001,,14
2025-08-24T02:49:36.239010+00:00,2025-08-24T02:50:00+00:00,btc_usd,hold,,115109.29,30.362596894324867,,1,115256.1455,115263.4,0,115601.91393649999,,,30.0,55.0,0.02,0.0005,0.0005,0.0005,0.001,,14
2025-08-24T02:50:36.238110+00:00,2025-08-24T02:51:00+00:00,btc_usd,hold,,115122.34,32.26070075099277,,1,115256.1455,115263.4,0,115601.91393649999,,,30.0,55.0,0.02,0.0005,0.0005,0.0005,0.001,,14
2025-08-24T02:55:36.237633+00:00,2025-08-24T02:52:00+00:00,btc_usd,hold,,115103.722,30.963994559366924,,1,115256.1455,115263.4,0,115601.91393649999,,,30.0,55.0,0.02,0.0005,0.0005,0.0005,0.001,,14
2025-08-24T02:56:36.238782+00:00,2025-08-24T02:57:00+00:00,btc_usd,hold,,115052.085,27.645064806662575,,1,115256.1455,115263.4,0,115601.91393649999,,,30.0,55.0,0.02,0.0005,0.0005,0.0005,0.001,,14
2025-08-24T02:57:36.238240+00:00,2025-08-24T02:58:00+00:00,btc_usd,hold,,115071.2305,30.61467272400057,,1,115256.1455,115263.4,0,115601.91393649999,,,30.0,55.0,0.02,0.0005,0.0005,0.0005,0.001,,14
2025-08-24T02:59:36.238603+00:00,2025-08-24T02:59:00+00:00,btc_usd,hold,,114997.9895,26.186882918970895,,1,115256.1455,115263.4,0,115601.91393649999,,,30.0,55.0,0.02,0.0005,0.0005,0.0005,0.001,,14
2025-08-24T03:00:36.238775+00:00,2025-08-24T03:01:00+00:00,btc_usd,hold,,114982.2925,25.340966176958517,,1,115256.1455,115263.4,0,115601.91393649999,,,30.0,55.0,0.02,0.0005,0.0005,0.0005,0.001,,14
2025-08-24T03:01:36.238257+00:00,2025-08-24T03:02:00+00:00,btc_usd,hold,,114940.0975,23.17390098118898,,1,115256.1455,115263.4,0,115601.91393649999,,,30.0,55.0,0.02,0.0005,0.0005,0.0005,0.001,,14
2025-08-24T03:02:36.234682+00:00,2025-08-24T03:03:00+00:00,btc_usd,hold,,114921.067,22.249739977335636,,1,115256.1455,115263.4,0,115601.91393649999,,,30.0,55.0,0.02,0.0005,0.0005,0.0005,0.001,,14
2025-08-24T03:03:36.237216+00:00,2025-08-24T03:04:00+00:00,btc_usd,hold,,115021.935,36.66655965055852,,1,115256.1455,115263.4,0,115601.91393649999,,,30.0,55.0,0.02,0.0005,0.0005,0.0005,0.001,,14
2025-08-24T03:06:36.230715+00:00,2025-08-24T03:05:00+00:00,btc_usd,hold,,115065.0475,41.64697403697494,,1,115256.1455,115263.4,0,115601.91393649999,,,30.0,55.0,0.02,0.0005,0.0005,0.0005,0.001,,14
2025-08-24T03:07:36.237285+00:00,2025-08-24T03:08:00+00:00,btc_usd,hold,,115041.1345,39.778461891950094,,1,115256.1455,115263.4,0,115601.91393649999,,,30.0,55.0,0.02,0.0005,0.0005,0.0005,0.001,,14
2025-08-24T03:09:36.237258+00:00,2025-08-24T03:09:00+00:00,btc_usd,hold,,115076.95,43.84236129818555,,1,115256.1455,115263.4,0,115601.91393649999,,,30.0,55.0,0.02,0.0005,0.0005,0.0005,0.001,,14
2025-08-24T03:11:36.237176+00:00,2025-08-24T03:11:00+00:00,btc_usd,hold,,115020.37,39.32731684164809,,1,115256.1455,115263.4,0,115601.91393649999,,,30.0,55.0,0.02,0.0005,0.0005,0.0005,0.001,,14
2025-08-24T03:13:36.235480+00:00,2025-08-24T03:13:00+00:00,btc_usd,hold,,115058.55,43.55182057307274,,1,115256.1455,115263.4,0,115601.91393649999,,,30.0,55.0,0.02,0.0005,0.0005,0.0005,0.001,,14
2025-08-24T03:14:36.236996+00:00,2025-08-24T03:15:00+00:00,btc_usd,hold,,115060.8155,43.80186502661982,,1,115256.1455,115263.4,0,115601.91393649999,,,30.0,55.0,0.02,0.0005,0.0005,0.0005,0.001,,14
2025-08-24T03:15:36.237214+00:00,2025-08-24T03:16:00+00:00,btc_usd,hold,,115004.212,39.13719540981369,,1,115256.1455,115263.4,0,115601.91393649999,,,30.0,55.0,0.02,0.0005,0.0005,0.0005,0.001,,14
2025-08-24T03:16:36.227298+00:00,2025-08-24T03:17:00+00:00,btc_usd,hold,,114950.489,35.295289781734226,,1,115256.1455,115263.4,0,115601.91393649999,,,30.0,55.0,0.02,0.0005,0.0005,0.0005,0.001,,14
2025-08-24T03:17:36.235291+00:00,2025-08-24T03:18:00+00:00,btc_usd,hold,,115009.71,42.04866110953878,,1,115256.1455,115263.4,0,115601.91393649999,,,30.0,55.0,0.02,0.0005,0.0005,0.0005,0.001,,14
2025-08-24T03:18:36.236541+00:00,2025-08-24T03:19:00+00:00,btc_usd,hold,,115058.71,46.97963261229325,,1,115256.1455,115263.4,0,115601.91393649999,,,30.0,55.0,0.02,0.0005,0.0005,0.0005,0.001,,14
2025-08-24T03:21:36.235618+00:00,2025-08-24T03:20:00+00:00,btc_usd,hold,,115027.203,44.36559981507077,,1,115256.1455,115263.4,0,115601.91393649999,,,30.0,55.0,0.02,0.0005,0.0005,0.0005,0.001,,14
2025-08-24T03:22:36.237346+00:00,2025-08-24T03:23:00+00:00,btc_usd,hold,,114989.8975,41.426400036734854,,1,115256.1455,115263.4,0,115601.91393649999,,,30.0,55.0,0.02,0.0005,0.0005,0.0005,0.001,,14
2025-08-24T03:23:36.235331+00:00,2025-08-24T03:24:00+00:00,btc_usd,hold,,114986.0755,41.12579273036736,,1,115256.1455,115263.4,0,115601.91393649999,,,30.0,55.0,0.02,0.0005,0.0005,0.0005,0.001,,14
2025-08-24T03:24:36.233272+00:00,2025-08-24T03:25:00+00:00,btc_usd,hold,,115065.208,49.32488814585424,,1,115256.1455,115263.4,0,115601.91393649999,,,30.0,55.0,0.02,0.0005,0.0005,0.0005,0.001,,14
2025-08-24T03:25:36.236836+00:00,2025-08-24T03:26:00+00:00,btc_usd,hold,,114970.2395,41.80107950986755,,1,115256.1455,115263.4,0,115601.91393649999,,,30.0,55.0,0.02,0.0005,0.0005,0.0005,0.001,,14
2025-08-24T03:26:36.234855+00:00,2025-08-24T03:27:00+00:00,btc_usd,hold,,114988.945,43.625108665752364,,1,115256.1455,115263.4,0,115601.91393649999,,,30.0,55.0,0.02,0.0005,0.0005,0.0005,0.001,,14
2025-08-24T03:27:36.229411+00:00,2025-08-24T03:28:00+00:00,btc_usd,hold,,114972.2015,42.345761525647596,,1,115256.1455,115263.4,0,115601.91393649999,,,30.0,55.0,0.02,0.0005,0.0005,0.0005,0.001,,14
2025-08-24T03:28:36.223110+00:00,2025-08-24T03:29:00+00:00,btc_usd,hold,,114973.825,42.52177501746634,,1,115256.1455,115263.4,0,115601.91393649999,,,30.0,55.0,0.02,0.0005,0.0005,0.0005,0.001,,14
2025-08-24T03:30:36.258586+00:00,2025-08-24T03:30:00+00:00,btc_usd,hold,,114989.68,44.30987399911701,,1,115256.1455,115263.4,0,115601.91393649999,,,30.0,55.0,0.02,0.0005,0.0005,0.0005,0.001,,14
2025-08-24T03:31:36.263363+00:00,2025-08-24T03:32:00+00:00,btc_usd,hold,,114972.065,42.71979588011992,,1,115256.1455,115263.4,0,115601.91393649999,,,30.0,55.0,0.02,0.0005,0.0005,0.0005,0.001,,14
2025-08-24T03:32:36.232736+00:00,2025-08-24T03:33:00+00:00,btc_usd,hold,,114992.018,45.12208771858653,,1,115256.1455,115263.4,0,115601.91393649999,,,30.0,55.0,0.02,0.0005,0.0005,0.0005,0.001,,14
2025-08-24T03:33:36.233421+00:00,2025-08-24T03:34:00+00:00,btc_usd,hold,,114954.4695,41.58739249323462,,1,115256.1455,115263.4,0,115601.91393649999,,,30.0,55.0,0.02,0.0005,0.0005,0.0005,0.001,,14
2025-08-24T03:34:36.235049+00:00,2025-08-24T03:35:00+00:00,btc_usd,hold,,114968.64,43.38972661734903,,1,115256.1455,115263.4,0,115601.91393649999,,,30.0,55.0,0.02,0.0005,0.0005,0.0005,0.001,,14
2025-08-24T03:35:36.235002+00:00,2025-08-24T03:36:00+00:00,btc_usd,hold,,114983.545,45.30149662927896,,1,115256.1455,115263.4,0,115601.91393649999,,,30.0,55.0,0.02,0.0005,0.0005,0.0005,0.001,,14
2025-08-24T03:36:36.233330+00:00,2025-08-24T03:37:00+00:00,btc_usd,hold,,115026.0,50.43589122283669,,1,115256.1455,115263.4,0,115601.91393649999,,,30.0,55.0,0.02,0.0005,0.0005,0.0005,0.001,,14
2025-08-24T03:38:36.235211+00:00,2025-08-24T03:38:00+00:00,btc_usd,hold,,114928.2,40.90942437382183,,1,115256.1455,115263.4,0,115601.91393649999,,,30.0,55.0,0.02,0.0005,0.0005,0.0005,0.001,,14
2025-08-24T03:41:36.233262+00:00,2025-08-24T03:40:00+00:00,btc_usd,hold,,114964.66,45.07455154110451,,1,115256.1455,115263.4,0,115601.91393649999,,,30.0,55.0,0.02,0.0005,0.0005,0.0005,0.001,,14
2025-08-24T03:42:36.234804+00:00,2025-08-24T03:43:00+00:00,btc_usd,hold,,114987.3555,47.55277429053785,,1,115256.1455,115263.4,0,115601.91393649999,,,30.0,55.0,0.02,0.0005,0.0005,0.0005,0.001,,14
2025-08-24T03:43:36.232117+00:00,2025-08-24T03:44:00+00:00,btc_usd,hold,,114984.9155,47.30565053141707,,1,115256.1455,115263.4,0,115601.91393649999,,,30.0,55.0,0.02,0.0005,0.0005,0.0005,0.001,,14
2025-08-24T03:44:36.233437+00:00,2025-08-24T03:45:00+00:00,btc_usd,hold,,114948.6195,43.67005157248225,,1,115256.1455,115263.4,0,115601.91393649999,,,30.0,55.0,0.02,0.0005,0.0005,0.0005,0.001,,14
2025-08-24T03:45:36.233925+00:00,2025-08-24T03:46:00+00:00,btc_usd,hold,,114933.4125,42.20648787357643,,1,115256.1455,115263.4,0,115601.91393649999,,,30.0,55.0,0.02,0.0005,0.0005,0.0005,0.001,,14
2025-08-24T03:47:36.233346+00:00,2025-08-24T03:47:00+00:00,btc_usd,hold,,114930.3,41.89698747069763,,1,115256.1455,115263.4,0,115601.91393649999,,,30.0,55.0,0.02,0.0005,0.0005,0.0005,0.001,,14
2025-08-24T03:49:36.220740+00:00,2025-08-24T03:49:00+00:00,btc_usd,hold,,114978.8595,48.270382021390915,,1,115256.1455,115263.4,0,115601.91393649999,,,30.0,55.0,0.02,0.0005,0.0005,0.0005,0.001,,14
2025-08-24T03:50:36.232404+00:00,2025-08-24T03:51:00+00:00,btc_usd,hold,,114962.1,46.379477748297994,,1,115256.1455,115263.4,0,115601.91393649999,,,30.0,55.0,0.02,0.0005,0.0005,0.0005,0.001,,14
2025-08-24T03:51:36.233768+00:00,2025-08-24T03:52:00+00:00,btc_usd,hold,,115028.825,54.090372637136,,1,115256.1455,115263.4,0,115601.91393649999,,,30.0,55.0,0.02,0.0005,0.0005,0.0005,0.001,,14
2025-08-24T03:52:36.232918+00:00,2025-08-24T03:53:00+00:00,btc_usd,hold,,115121.6,62.22450093369334,,1,115256.1455,115263.4,0,115601.91393649999,,,30.0,55.0,0.02,0.0005,0.0005,0.0005,0.001,,14
2025-08-24T03:53:36.232764+00:00,2025-08-24T03:54:00+00:00,btc_usd,hold,,115090.6995,58.506330141452864,,1,115256.1455,115263.4,0,115601.91393649999,,,30.0,55.0,0.02,0.0005,0.0005,0.0005,0.001,,14
2025-08-24T03:54:36.231661+00:00,2025-08-24T03:55:00+00:00,btc_usd,hold,,115089.296,58.335826029035125,,1,115256.1455,115263.4,0,115601.91393649999,,,30.0,55.0,0.02,0.0005,0.0005,0.0005,0.001,,14
2025-08-24T03:55:36.231458+00:00,2025-08-24T03:56:00+00:00,btc_usd,hold,,115060.335,54.787685787109424,,1,115256.1455,115263.4,0,115601.91393649999,,,30.0,55.0,0.02,0.0005,0.0005,0.0005,0.001,,14
2025-08-24T03:56:36.232535+00:00,2025-08-24T03:57:00+00:00,btc_usd,hold,,115056.3,54.29221545129968,,1,115256.1455,115263.4,0,115601.91393649999,,,30.0,55.0,0.02,0.0005,0.0005,0.0005,0.001,,14
2025-08-24T03:57:36.234731+00:00,2025-08-24T03:58:00+00:00,btc_usd,hold,,115023.25,50.281211899896164,,1,115256.1455,115263.4,0,115601.91393649999,,,30.0,55.0,0.02,0.0005,0.0005,0.0005,0.001,,14
2025-08-24T03:58:36.233904+00:00,2025-08-24T03:59:00+00:00,btc_usd,hold,,114969.787,44.54785678735993,,1,115256.1455,115263.4,0,115601.91393649999,,,30.0,55.0,0.02,0.0005,0.0005,0.0005,0.001,,14
2025-08-24T03:59:36.233575+00:00,2025-08-24T04:00:00+00:00,btc_usd,hold,,114998.7455,48.00615515712338,,1,115256.1455,115263.4,0,115601.91393649999,,,30.0,55.0,0.02,0.0005,0.0005,0.0005,0.001,,14
2025-08-24T04:00:36.232409+00:00,2025-08-24T04:01:00+00:00,btc_usd,hold,,115042.1,52.75653829979986,,1,115256.1455,115263.4,0,115601.91393649999,,,30.0,55.0,0.02,0.0005,0.0005,0.0005,0.001,,14
2025-08-24T04:01:36.231571+00:00,2025-08-24T04:02:00+00:00,btc_usd,hold,,115116.294,59.56505958964783,,1,115256.1455,115263.4,0,115601.91393649999,,,30.0,55.0,0.02,0.0005,0.0005,0.0005,0.001,,14
2025-08-24T04:02:36.230930+00:00,2025-08-24T04:03:00+00:00,btc_usd,hold,,115097.55,57.31767287039213,,1,115256.1455,115263.4,0,115601.91393649999,,,30.0,55.0,0.02,0.0005,0.0005,0.0005,0.001,,14
2025-08-24T04:04:36.230605+00:00,2025-08-24T04:04:00+00:00,btc_usd,hold,,115165.78,62.81720827805428,,1,115256.1455,115263.4,0,115601.91393649999,,,30.0,55.0,0.02,0.0005,0.0005,0.0005,0.001,,14
2025-08-24T04:05:36.230576+00:00,2025-08-24T04:06:00+00:00,btc_usd,hold,,115101.682,55.57293186635516,,1,115256.1455,115263.4,0,115601.91393649999,,,30.0,55.0,0.02,0.0005,0.0005,0.0005,0.001,,14
2025-08-24T04:07:36.232565+00:00,2025-08-24T04:07:00+00:00,btc_usd,hold,,115099.347,55.32264021197377,,1,115256.1455,115263.4,0,115601.91393649999,,,30.0,55.0,0.02,0.0005,0.0005,0.0005,0.001,,14
2025-08-24T04:08:36.230788+00:00,2025-08-24T04:09:00+00:00,btc_usd,hold,,115164.759,60.666996429675464,,1,115256.1455,115263.4,0,115601.91393649999,,,30.0,55.0,0.02,0.0005,0.0005,0.0005,0.001,,14
2025-08-24T04:09:36.231082+00:00,2025-08-24T04:10:00+00:00,btc_usd,hold,,115104.696,54.24986631876567,,1,115256.1455,115263.4,0,115601.91393649999,,,30.0,55.0,0.02,0.0005,0.0005,0.0005,0.001,,14
2025-08-24T04:11:36.229709+00:00,2025-08-24T04:11:00+00:00,btc_usd,hold,,115150.67,57.91900638846305,,1,115256.1455,115263.4,0,115601.91393649999,,,30.0,55.0,0.02,0.0005,0.0005,0.0005,0.001,,14
2025-08-24T04:12:36.224121+00:00,2025-08-24T04:13:00+00:00,btc_usd,hold,,115212.45,62.2951307814928,,1,115256.1455,115263.4,0,115601.91393649999,,,30.0,55.0,0.02,0.0005,0.0005,0.0005,0.001,,14
2025-08-24T04:13:36.229732+00:00,2025-08-24T04:14:00+00:00,btc_usd,hold,,115254.5045,64.96594302186719,,1,115256.1455,115263.4,0,115601.91393649999,,,30.0,55.0,0.02,0.0005,0.0005,0.0005,0.001,,14
2025-08-24T04:15:36.231265+00:00,2025-08-24T04:15:00+00:00,btc_usd,hold,,115205.701,59.68251032419123,,1,115256.1455,115263.4,0,115601.91393649999,,,30.0,55.0,0.02,0.0005,0.0005,0.0005,0.001,,14
2025-08-24T04:16:36.230031+00:00,2025-08-24T04:17:00+00:00,btc_usd,hold,,115141.8215,53.54433632702868,,1,115256.1455,115263.4,0,115601.91393649999,,,30.0,55.0,0.02,0.0005,0.0005,0.0005,0.001,,14
2025-08-24T04:17:36.230048+00:00,2025-08-24T04:18:00+00:00,btc_usd,hold,,115239.616,60.27945056344349,,1,115256.1455,115263.4,0,115601.91393649999,,,30.0,55.0,0.02,0.0005,0.0005,0.0005,0.001,,14
2025-08-24T04:18:36.230449+00:00,2025-08-24T04:19:00+00:00,btc_usd,hold,,115238.595,60.18135164259476,,1,115256.1455,115263.4,0,115601.91393649999,,,30.0,55.0,0.02,0.0005,0.0005,0.0005,0.001,,14
2025-08-24T04:19:36.229733+00:00,2025-08-24T04:20:00+00:00,btc_usd,hold,,115209.121,57.28320552366076,,1,115256.1455,115263.4,0,115601.91393649999,,,30.0,55.0,0.02,0.0005,0.0005,0.0005,0.001,,14
2025-08-24T04:20:36.228868+00:00,2025-08-24T04:21:00+00:00,btc_usd,hold,,115262.4495,60.947668051499676,,1,115256.1455,115263.4,0,115601.91393649999,,,30.0,55.0,0.02,0.0005,0.0005,0.0005,0.001,,14
2025-08-24T04:21:36.228040+00:00,2025-08-24T04:22:00+00:00,btc_usd,hold,,115219.0795,56.6885314102907,,1,115256.1455,115263.4,0,115601.91393649999,,,30.0,55.0,0.02,0.0005,0.0005,0.0005,0.001,,14
2025-08-24T04:22:36.229554+00:00,2025-08-24T04:23:00+00:00,btc_usd,hold,,115242.9685,58.41246636883374,,1,115256.1455,115263.4,0,115601.91393649999,,,30.0,55.0,0.02,0.0005,0.0005,0.0005,0.001,,14
2025-08-24T04:23:36.225928+00:00,2025-08-24T04:24:00+00:00,btc_usd,hold,,115199.3275,54.17054532413026,,1,115256.1455,115263.4,0,115601.91393649999,,,30.0,55.0,0.02,0.0005,0.0005,0.0005,0.001,,14
2025-08-24T04:25:36.223640+00:00,2025-08-24T04:25:00+00:00,btc_usd,hold,,115210.085,55.03732853031899,,1,115256.1455,115263.4,0,115601.91393649999,,,30.0,55.0,0.02,0.0005,0.0005,0.0005,0.001,,14
2025-08-24T04:26:36.228970+00:00,2025-08-24T04:27:00+00:00,btc_usd,hold,,115230.43,56.70508898905945,,1,115256.1455,115263.4,0,115601.91393649999,,,30.0,55.0,0.02,0.0005,0.0005,0.0005,0.001,,14
2025-08-24T04:27:36.227712+00:00,2025-08-24T04:28:00+00:00,btc_usd,hold,,115215.395,55.079168285883604,,1,115256.1455,115263.4,0,115601.91393649999,,,30.0,55.0,0.02,0.0005,0.0005,0.0005,0.001,,14
2025-08-24T04:28:36.216566+00:00,2025-08-24T04:29:00+00:00,btc_usd,hold,,115245.44,57.68997129164456,,1,115256.1455,115263.4,0,115601.91393649999,,,30.0,55.0,0.02,0.0005,0.0005,0.0005,0.001,,14
2025-08-24T04:29:36.229070+00:00,2025-08-24T04:30:00+00:00,btc_usd,hold,,115191.83,51.89429388057542,,1,115256.1455,115263.4,0,115601.91393649999,,,30.0,55.0,0.02,0.0005,0.0005,0.0005,0.001,,14
2025-08-24T04:30:36.229029+00:00,2025-08-24T04:31:00+00:00,btc_usd,hold,,115126.715,45.86697828022143,,1,115256.1455,115263.4,0,115601.91393649999,,,30.0,55.0,0.02,0.0005,0.0005,0.0005,0.001,,14
2025-08-24T04:31:36.228798+00:00,2025-08-24T04:32:00+00:00,btc_usd,hold,,115049.08,39.91451914019957,,1,115256.1455,115263.4,0,115601.91393649999,,,30.0,55.0,0.02,0.0005,0.0005,0.0005,0.001,,14
2025-08-24T04:33:36.226155+00:00,2025-08-24T04:33:00+00:00,btc_usd,hold,,115107.038,45.59133585904537,,1,115256.1455,115263.4,0,115601.91393649999,,,30.0,55.0,0.02,0.0005,0.0005,0.0005,0.001,,14
2025-08-24T04:34:36.228504+00:00,2025-08-24T04:35:00+00:00,btc_usd,hold,,115097.884,44.870267904537144,,1,115256.1455,115263.4,0,115601.91393649999,,,30.0,55.0,0.02,0.0005,0.0005,0.0005,0.001,,14
2025-08-24T04:35:36.222729+00:00,2025-08-24T04:36:00+00:00,btc_usd,hold,,115105.651,45.65563994664527,,1,115256.1455,115263.4,0,115601.91393649999,,,30.0,55.0,0.02,0.0005,0.0005,0.0005,0.001,,14
2025-08-24T04:36:36.228140+00:00,2025-08-24T04:37:00+00:00,btc_usd,hold,,115134.783,48.61261559127596,,1,115256.1455,115263.4,0,115601.91393649999,,,30.0,55.0,0.02,0.0005,0.0005,0.0005,0.001,,14
2025-08-24T04:37:36.228058+00:00,2025-08-24T04:38:00+00:00,btc_usd,hold,,115105.8,45.93472920244571,,1,115256.1455,115263.4,0,115601.91393649999,,,30.0,55.0,0.02,0.0005,0.0005,0.0005,0.001,,14
2025-08-24T04:38:36.227554+00:00,2025-08-24T04:39:00+00:00,btc_usd,hold,,115072.177,42.97700858123699,,1,115256.1455,115263.4,0,115601.91393649999,,,30.0,55.0,0.02,0.0005,0.0005,0.0005,0.001,,14
2025-08-24T04:39:36.226740+00:00,2025-08-24T04:40:00+00:00,btc_usd,hold,,115051.42,41.212757195004116,,1,115256.1455,115263.4,0,115601.91393649999,,,30.0,55.0,0.02,0.0005,0.0005,0.0005,0.001,,14
2025-08-24T04:40:36.228278+00:00,2025-08-24T04:41:00+00:00,btc_usd,hold,,115075.855,44.120838893440094,,1,115256.1455,115263.4,0,115601.91393649999,,,30.0,55.0,0.02,0.0005,0.0005,0.0005,0.001,,14
2025-08-24T04:41:36.226880+00:00,2025-08-24T04:42:00+00:00,btc_usd,hold,,115041.518,41.047931469950925,,1,115256.1455,115263.4,0,115601.91393649999,,,30.0,55.0,0.02,0.0005,0.0005,0.0005,0.001,,14
2025-08-24T04:43:36.225727+00:00,2025-08-24T04:43:00+00:00,btc_usd,hold,,115093.8535,47.09595293554754,,1,115256.1455,115263.4,0,115601.91393649999,,,30.0,55.0,0.02,0.0005,0.0005,0.0005,0.001,,14
2025-08-24T04:44:36.227757+00:00,2025-08-24T04:45:00+00:00,btc_usd,hold,,115097.3445,47.48298988059013,,1,115256.1455,115263.4,0,115601.91393649999,,,30.0,55.0,0.02,0.0005,0.0005,0.0005,0.001,,14
2025-08-24T04:45:36.226056+00:00,2025-08-24T04:46:00+00:00,btc_usd,hold,,115122.6855,50.32397492866803,,1,115256.1455,115263.4,0,115601.91393649999,,,30.0,55.0,0.02,0.0005,0.0005,0.0005,0.001,,14
2025-08-24T04:46:36.225068+00:00,2025-08-24T04:47:00+00:00,btc_usd,hold,,115100.105,47.84050340443505,,1,115256.1455,115263.4,0,115601.91393649999,,,30.0,55.0,0.02,0.0005,0.0005,0.0005,0.001,,14
2025-08-24T04:47:36.227520+00:00,2025-08-24T04:48:00+00:00,btc_usd,hold,,115124.4,50.661719110889194,,1,115256.1455,115263.4,0,115601.91393649999,,,30.0,55.0,0.02,0.0005,0.0005,0.0005,0.001,,14
2025-08-24T04:48:36.213114+00:00,2025-08-24T04:49:00+00:00,btc_usd,hold,,115069.47,44.766098521035495,,1,115256.1455,115263.4,0,115601.91393649999,,,30.0,55.0,0.02,0.0005,0.0005,0.0005,0.001,,14
2025-08-24T04:49:36.220621+00:00,2025-08-24T04:50:00+00:00,btc_usd,hold,,115086.889,46.87729236297114,,1,115256.1455,115263.4,0,115601.91393649999,,,30.0,55.0,0.02,0.0005,0.0005,0.0005,0.001,,14
2025-08-24T04:50:36.225882+00:00,2025-08-24T04:51:00+00:00,btc_usd,hold,,115091.4645,47.44553269030072,,1,115256.1455,115263.4,0,115601.91393649999,,,30.0,55.0,0.02,0.0005,0.0005,0.0005,0.001,,14
2025-08-24T04:51:36.225834+00:00,2025-08-24T04:52:00+00:00,btc_usd,hold,,115095.81,48.014283154396345,,1,115256.1455,115263.4,0,115601.91393649999,,,30.0,55.0,0.02,0.0005,0.0005,0.0005,0.001,,14
2025-08-24T04:52:36.224419+00:00,2025-08-24T04:53:00+00:00,btc_usd,hold,,115043.948,42.15131608794489,,1,115256.1455,115263.4,0,115601.91393649999,,,30.0,55.0,0.02,0.0005,0.0005,0.0005,0.001,,14
2025-08-24T04:54:36.225636+00:00,2025-08-24T04:54:00+00:00,btc_usd,hold,,115058.095,44.15456296964319,,1,115256.1455,115263.4,0,115601.91393649999,,,30.0,55.0,0.02,0.0005,0.0005,0.0005,0.001,,14
2025-08-24T04:55:36.226803+00:00,2025-08-24T04:56:00+00:00,btc_usd,hold,,115068.419,45.634133366946536,,1,115256.1455,115263.4,0,115601.91393649999,,,30.0,55.0,0.02,0.0005,0.0005,0.0005,0.001,,14
2025-08-24T04:56:36.210603+00:00,2025-08-24T04:57:00+00:00,btc_usd,hold,,115061.693,44.8013489676759,,1,115256.1455,115263.4,0,115601.91393649999,,,30.0,55.0,0.02,0.0005,0.0005,0.0005,0.001,,14
2025-08-24T04:57:36.224946+00:00,2025-08-24T04:58:00+00:00,btc_usd,hold,,115057.82,44.30002089765621,,1,115256.1455,115263.4,0,115601.91393649999,,,30.0,55.0,0.02,0.0005,0.0005,0.0005,0.001,,14
2025-08-24T04:58:36.224866+00:00,2025-08-24T04:59:00+00:00,btc_usd,hold,,115046.7225,42.82140890738772,,1,115256.1455,115263.4,0,115601.91393649999,,,30.0,55.0,0.02,0.0005,0.0005,0.0005,0.001,,14
2025-08-24T04:59:36.219951+00:00,2025-08-24T05:00:00+00:00,btc_usd,hold,,115120.6715,53.87038343614502,,1,115256.1455,115263.4,0,115601.91393649999,,,30.0,55.0,0.02,0.0005,0.0005,0.0005,0.001,,14
2025-08-24T05:00:36.223776+00:00,2025-08-24T05:01:00+00:00,btc_usd,hold,,115104.2,51.483967931074616,,1,115256.1455,115263.4,0,115601.91393649999,,,30.0,55.0,0.02,0.0005,0.0005,0.0005,0.001,,14
2025-08-24T05:02:36.227603+00:00,2025-08-24T05:02:00+00:00,btc_usd,hold,,115089.42,49.37052881507847,,1,115256.1455,115263.4,0,115601.91393649999,,,30.0,55.0,0.02,0.0005,0.0005,0.0005,0.001,,14
2025-08-24T05:03:36.218533+00:00,2025-08-24T05:04:00+00:00,btc_usd,hold,,115142.975,56.36094926669898,,1,115256.1455,115263.4,0,115601.91393649999,,,30.0,55.0,0.02,0.0005,0.0005,0.0005,0.001,,14
2025-08-24T05:04:36.222927+00:00,2025-08-24T05:05:00+00:00,btc_usd,hold,,115134.1875,55.01861837587138,,1,115256.1455,115263.4,0,115601.91393649999,,,30.0,55.0,0.02,0.0005,0.0005,0.0005,0.001,,14
2025-08-24T05:06:36.215697+00:00,2025-08-24T05:06:00+00:00,btc_usd,hold,,115127.9,54.02712349919001,,1,115256.1455,115263.4,0,115601.91393649999,,,30.0,55.0,0.02,0.0005,0.0005,0.0005,0.001,,14
2025-08-24T05:08:36.223226+00:00,2025-08-24T05:08:00+00:00,btc_usd,hold,,115125.38,53.610124668213594,,1,115256.1455,115263.4,0,115601.91393649999,,,30.0,55.0,0.02,0.0005,0.0005,0.0005,0.001,,14
2025-08-24T05:09:36.223121+00:00,2025-08-24T05:10:00+00:00,btc_usd,hold,,115146.945,56.69073925662742,,1,115256.1455,115263.4,0,115601.91393649999,,,30.0,55.0,0.02,0.0005,0.0005,0.0005,0.001,,14
2025-08-24T05:10:36.216493+00:00,2025-08-24T05:11:00+00:00,btc_usd,hold,,115190.399,62.14573000789396,,1,115256.1455,115263.4,0,115601.91393649999,,,30.0,55.0,0.02,0.0005,0.0005,0.0005,0.001,,14
2025-08-24T05:11:36.221185+00:00,2025-08-24T05:12:00+00:00,btc_usd,hold,,115175.48,59.38037543509921,,1,115256.1455,115263.4,0,115601.91393649999,,,30.0,55.0,0.02,0.0005,0.0005,0.0005,0.001,,14
2025-08-24T05:12:36.219709+00:00,2025-08-24T05:13:00+00:00,btc_usd,hold,,115162.265,56.96246375857557,,1,115256.1455,115263.4,0,115601.91393649999,,,30.0,55.0,0.02,0.0005,0.0005,0.0005,0.001,,14
2025-08-24T05:13:36.218476+00:00,2025-08-24T05:14:00+00:00,btc_usd,hold,,115116.04,49.387070320699394,,1,115256.1455,115263.4,0,115601.91393649999,,,30.0,55.0,0.02,0.0005,0.0005,0.0005,0.001,,14
2025-08-24T05:14:36.221996+00:00,2025-08-24T05:15:00+00:00,btc_usd,hold,,115099.978,47.04583537536365,,1,115256.1455,115263.4,0,115601.91393649999,,,30.0,55.0,0.02,0.0005,0.0005,0.0005,0.001,,14
2025-08-24T05:17:36.222564+00:00,2025-08-24T05:16:00+00:00,btc_usd,hold,,115102.5555,47.47613615814927,,1,115256.1455,115263.4,0,115601.91393649999,,,30.0,55.0,0.02,0.0005,0.0005,0.0005,0.001,,14
2025-08-24T05:20:36.221431+00:00,2025-08-24T05:19:00+00:00,btc_usd,hold,,115087.1,45.1090981670991,,1,115256.1455,115263.4,0,115601.91393649999,,,30.0,55.0,0.02,0.0005,0.0005,0.0005,0.001,,14
2025-08-24T05:21:36.221714+00:00,2025-08-24T05:22:00+00:00,btc_usd,hold,,115095.3715,46.64234643481865,,1,115256.1455,115263.4,0,115601.91393649999,,,30.0,55.0,0.02,0.0005,0.0005,0.0005,0.001,,14
2025-08-24T05:22:36.220848+00:00,2025-08-24T05:23:00+00:00,btc_usd,hold,,115042.348,39.102166089390444,,1,115256.1455,115263.4,0,115601.91393649999,,,30.0,55.0,0.02,0.0005,0.0005,0.0005,0.001,,14
2025-08-24T05:23:36.223586+00:00,2025-08-24T05:24:00+00:00,btc_usd,hold,,115075.32,45.05088722749854,,1,115256.1455,115263.4,0,115601.91393649999,,,30.0,55.0,0.02,0.0005,0.0005,0.0005,0.001,,14
2025-08-24T05:24:36.215696+00:00,2025-08-24T05:25:00+00:00,btc_usd,hold,,115058.45,42.74991440243077,,1,115256.1455,115263.4,0,115601.91393649999,,,30.0,55.0,0.02,0.0005,0.0005,0.0005,0.001,,14
2025-08-24T05:25:36.221728+00:00,2025-08-24T05:26:00+00:00,btc_usd,hold,,115055.265,42.31053900353902,,1,115256.1455,115263.4,0,115601.91393649999,,,30.0,55.0,0.02,0.0005,0.0005,0.0005,0.001,,14
